Name	DefiningManuscriptId	Role	RRID	Description	Antigen	AntibodyConjugate	Applications	Rating	Dilution	DilutionUnits	Source	Uniprot	VendorName	VendorCat	Clone	Clonality	IsoType	Type	AntigenSpecies	TargetCells	PositiveControl	UsageNotes
HLA-ABC antibody	PMID30713110	Producer			HLA-ABC		OBI_0002115	5	6.13	ng/ul	Table S1 of defining manuscript	https://www.uniprot.org/uniprot/O19689						Primary	human			Antibodies are all tested in FFPE section with antigen retrieval at 95C in 10mM Tris, 1mM EDTA (pH9.2). 
CD57 antibody	PMID30713110	Contact			CD57		OBI_0002115	5	1:100		Table S1 of defining manuscript		Fluidigm	3142007B				Primary	human	mature natural killer cell|CD8-positive, alpha-beta T cell		Antibodies are all tested in FFPE section with antigen retrieval at 95C in 10mM Tris, 1mM EDTA (pH9.2). 
CD31 antibody	PMID30713110	Producer			CD31		OBI_0002115	5	1.57	ng/ul	Table S1 of defining manuscript	https://www.uniprot.org/uniprot/P16284						Primary	human	endothelial cell		Antibodies are all tested in FFPE section with antigen retrieval at 95C in 10mM Tris, 1mM EDTA (pH9.2). 
CD14 antibody	PMID30713110	Contact			CD14		OBI_0002115	5	1:200		Table S1 of defining manuscript	https://www.uniprot.org/uniprot/P08571	Fluidigm	3144025D				Primary	human	monocyte|macrophage		Antibodies are all tested in FFPE section with antigen retrieval at 95C in 10mM Tris, 1mM EDTA (pH9.2). 
C-peptide antibody	PMID30713110	Producer			C-peptide		OBI_0002115	5	0.34	ng/ul	Table S1 of defining manuscript							Primary	human	type B pancreatic cell		Antibodies are all tested in FFPE section with antigen retrieval at 95C in 10mM Tris, 1mM EDTA (pH9.2). 
Nestin antibody	PMID30713110	Contact			Nestin		OBI_0002115	5	1:300		Table S1 of defining manuscript	https://www.uniprot.org/uniprot/P48681	Fluidigm	3146015B				Primary	human	endothelial cell|stromal cell		Antibodies are all tested in FFPE section with antigen retrieval at 95C in 10mM Tris, 1mM EDTA (pH9.2). 
Glucagon antibody	PMID30713110	Producer			Glucagon		OBI_0002115	5	2.4	ng/ul	Table S1 of defining manuscript							Primary	human	pancreatic A cell		Antibodies are all tested in FFPE section with antigen retrieval at 95C in 10mM Tris, 1mM EDTA (pH9.2). 
Pan-Keratin antibody	PMID30713110	Contact			Pan-Keratin		OBI_0002115	5	1:800		Table S1 of defining manuscript		Fluidigm	3148020D				Primary	human	pancreatic ductal cell		Antibodies are all tested in FFPE section with antigen retrieval at 95C in 10mM Tris, 1mM EDTA (pH9.2). 
CD11b antibody	PMID30713110	Contact			CD11b		OBI_0002115	5	1:100		Table S1 of defining manuscript	https://www.uniprot.org/uniprot/P11215	Fluidigm	3149028D				Primary	human	granulocyte|monocyte|macrophage|dendritic cell, human		Antibodies are all tested in FFPE section with antigen retrieval at 95C in 10mM Tris, 1mM EDTA (pH9.2). 
CD44 antibody	PMID30713110	Contact			CD44		OBI_0002115	5	1:200		Table S1 of defining manuscript		Fluidigm	3150018B				Primary	human	pancreatic ductal cell|leukocyte		Antibodies are all tested in FFPE section with antigen retrieval at 95C in 10mM Tris, 1mM EDTA (pH9.2). 
PDX-1 antibody	PMID30713110	Producer			PDX-1		OBI_0002115	5	0.54	ng/ul	Table S1 of defining manuscript							Primary	human	type B pancreatic cell|pancreatic ductal cell|pancreatic D cell		Antibodies are all tested in FFPE section with antigen retrieval at 95C in 10mM Tris, 1mM EDTA (pH9.2). 
CD45 antibody	PMID30713110	Contact			CD45		OBI_0002115	5	1:300		Table S1 of defining manuscript		Fluidigm	3152016D				Primary	human	leukocyte		Antibodies are all tested in FFPE section with antigen retrieval at 95C in 10mM Tris, 1mM EDTA (pH9.2). 
CD56 antibody	PMID30713110	Producer			CD56		OBI_0002115	5	4.04	ng/ul	Table S1 of defining manuscript							Primary	human	CD56-positive, CD161-positive immature natural killer cell|mature NK T cell		Antibodies are all tested in FFPE section with antigen retrieval at 95C in 10mM Tris, 1mM EDTA (pH9.2). 
Β-ACTIN antibody	PMID30713110	Contact			Β-ACTIN		OBI_0002115	5	1:100		Table S1 of defining manuscript		Fluidigm	3154021D				Primary	human	epithelial cell		Antibodies are all tested in FFPE section with antigen retrieval at 95C in 10mM Tris, 1mM EDTA (pH9.2). 
FOXP3 antibody	PMID30713110	Contact			FOXP3		OBI_0002115	5	1:25		Table S1 of defining manuscript		Fluidigm	3155016D				Primary	human	CD8-positive, alpha-beta regulatory T cell		Antibodies are all tested in FFPE section with antigen retrieval at 95C in 10mM Tris, 1mM EDTA (pH9.2). 
CD4 antibody	PMID30713110	Contact			CD4		OBI_0002115	5	1:100		Table S1 of defining manuscript		Fluidigm	3156033D				Primary	human	CD4-positive, alpha-beta T cell		Antibodies are all tested in FFPE section with antigen retrieval at 95C in 10mM Tris, 1mM EDTA (pH9.2). 
NKX6.1 antibody	PMID30713110	Producer			NKX6.1		OBI_0002115	5	0.94	ng/ul	Table S1 of defining manuscript							Primary	human	type B pancreatic cell|pancreatic ductal cell		Antibodies are all tested in FFPE section with antigen retrieval at 95C in 10mM Tris, 1mM EDTA (pH9.2). 
CD68 antibody	PMID30713110	Contact			CD68		OBI_0002115	5	1:300		Table S1 of defining manuscript		Fluidigm	3159035D				Primary	human	monocyte|macrophage		Antibodies are all tested in FFPE section with antigen retrieval at 95C in 10mM Tris, 1mM EDTA (pH9.2). 
Somatostatin antibody	PMID30713110	Producer			SOMATOSTATIN		OBI_0002115	5	1.26	ng/ul	Table S1 of defining manuscript							Primary	human	pancreatic D cell		Antibodies are all tested in FFPE section with antigen retrieval at 95C in 10mM Tris, 1mM EDTA (pH9.2). 
CD20 antibody	PMID30713110	Contact			CD20		OBI_0002115	5	1:100		Table S1 of defining manuscript		Fluidigm	3161029D				Primary	human	type B pancreatic cell		Antibodies are all tested in FFPE section with antigen retrieval at 95C in 10mM Tris, 1mM EDTA (pH9.2). 
CD8 antibody	PMID30713110	Contact			CD8		OBI_0002115	5	1:100		Table S1 of defining manuscript		Fluidigm	3162034D				Primary	human	CD8-positive, alpha-beta regulatory T cell		Antibodies are all tested in FFPE section with antigen retrieval at 95C in 10mM Tris, 1mM EDTA (pH9.2). 
CD99 antibody	PMID30713110	Producer			CD99		OBI_0002115	5	3.11	ng/ul	Table S1 of defining manuscript							Primary	human	pancreatic ductal cell		Antibodies are all tested in FFPE section with antigen retrieval at 95C in 10mM Tris, 1mM EDTA (pH9.2). 
CA2 antibody	PMID30713110	Producer			CA2		OBI_0002115	5	2.5	ng/ul	Table S1 of defining manuscript							Primary	human	pancreatic ductal cell		Antibodies are all tested in FFPE section with antigen retrieval at 95C in 10mM Tris, 1mM EDTA (pH9.2). 
NF-κB antibody	PMID30713110	Contact			NF-κB		OBI_0002115	5	1:300		Table S1 of defining manuscript		Fluidigm	3166006A				Primary	human	pancreatic ductal cell		Antibodies are all tested in FFPE section with antigen retrieval at 95C in 10mM Tris, 1mM EDTA (pH9.2). 
Granzyme B antibody	PMID30713110	Contact			Granzyme B		OBI_0002115	5	1:600		Table S1 of defining manuscript		Fluidigm	3167021D				Primary	human	macrophage|mature natural killer cell|cytotoxic T cell		Antibodies are all tested in FFPE section with antigen retrieval at 95C in 10mM Tris, 1mM EDTA (pH9.2). 
Ki67 antibody	PMID30713110	Contact			Ki67		OBI_0002115	5	1:300		Table S1 of defining manuscript		Fluidigm	3168022D				Primary	human			Antibodies are all tested in FFPE section with antigen retrieval at 95C in 10mM Tris, 1mM EDTA (pH9.2). 
Collagen type I antibody	PMID30713110	Contact			Collagen type I		OBI_0002115	5	1:200		Table S1 of defining manuscript		Fluidigm	3169023D				Primary	human	stroma of pancreas		Antibodies are all tested in FFPE section with antigen retrieval at 95C in 10mM Tris, 1mM EDTA (pH9.2). 
CD3 antibody	PMID30713110	Contact			CD3		OBI_0002115	5	1:100		Table S1 of defining manuscript		Fluidigm	3170019D				Primary	human	alpha-beta T cell		Antibodies are all tested in FFPE section with antigen retrieval at 95C in 10mM Tris, 1mM EDTA (pH9.2). 
pS6 antibody	PMID30713110	Contact			pS6		OBI_0002115	5	1:100		Table S1 of defining manuscript		Fluidigm	3172008A				Primary	human	pancreatic acinar cell		Antibodies are all tested in FFPE section with antigen retrieval at 95C in 10mM Tris, 1mM EDTA (pH9.2). 
CD45RO antibody	PMID30713110	Contact			CD45RO		OBI_0002115	5	1:300		Table S1 of defining manuscript		Fluidigm	3173016D				Primary	human	memory T cell		Antibodies are all tested in FFPE section with antigen retrieval at 95C in 10mM Tris, 1mM EDTA (pH9.2). 
HLA-DR antibody	PMID30713110	Producer			HLA-DR		OBI_0002115	5	5.36	ng/ul	Table S1 of defining manuscript							Primary	human			Antibodies are all tested in FFPE section with antigen retrieval at 95C in 10mM Tris, 1mM EDTA (pH9.2). 
Pancreactic polypeptide antibody	PMID30713110	Producer			Pancreactic polypeptide		OBI_0002115	5	8.41	ng/ul	Table S1 of defining manuscript							Primary	human	pancreatic PP cell		Antibodies are all tested in FFPE section with antigen retrieval at 95C in 10mM Tris, 1mM EDTA (pH9.2). 
Ghrelin antibody	PMID30713110	Producer			Ghrelin		OBI_0002115	5	4.04	ng/ul	Table S1 of defining manuscript							Primary	human	pancreatic epsilon cell		Antibodies are all tested in FFPE section with antigen retrieval at 95C in 10mM Tris, 1mM EDTA (pH9.2). 
CD11b Monoclonal Antibody (M1/70.15)	PMID30713110	Producer	AB_927467		CD11b		OBI_0002115	1			Table S3 of defining manuscript	https://www.uniprot.org/uniprot/P11215	ThermoFisher Scientific	MA1-80091				Primary	human	granulocyte|monocyte|macrophage|dendritic cell, human		Antibodies are all tested in FFPE section with antigen retrieval at 95C in 10mM Tris, 1mM EDTA (pH9.2). Expected tissue localization: No
CD14 antibody	PMID30713110	Contact			CD14		OBI_0002115	1			Table S3 of defining manuscript	https://www.uniprot.org/uniprot/P08571	Fluidigm	3151009B				Primary	human	monocyte|macrophage		Antibodies are all tested in FFPE section with antigen retrieval at 95C in 10mM Tris, 1mM EDTA (pH9.2). Expected tissue localization: No
CD19 antibody	PMID30713110	Contact			CD19		OBI_0002115	1			Table S3 of defining manuscript		Fluidigm	3169011B				Primary	human			Antibodies are all tested in FFPE section with antigen retrieval at 95C in 10mM Tris, 1mM EDTA (pH9.2). Expected tissue localization: No
CD3 antibody	PMID30713110	Contact			CD3		OBI_0002115	1			Table S3 of defining manuscript		Fluidigm	3154003B				Primary	human	alpha-beta T cell		Antibodies are all tested in FFPE section with antigen retrieval at 95C in 10mM Tris, 1mM EDTA (pH9.2). Expected tissue localization: No
CD31 antibody	PMID30713110	Contact			CD31		OBI_0002115	1			Table S3 of defining manuscript		Fluidigm	3145004B				Primary	human	endothelial cell		Antibodies are all tested in FFPE section with antigen retrieval at 95C in 10mM Tris, 1mM EDTA (pH9.2). Expected tissue localization: No
Mouse Anti-HCAM Monoclonal antibody, Unconjugated, Clone df1485	PMID30713110	Contact	AB_627065		CD44		OBI_0002115	1			Table S3 of defining manuscript		Santa Cruz	sc-7297				Primary	human			Antibodies are all tested in FFPE section with antigen retrieval at 95C in 10mM Tris, 1mM EDTA (pH9.2). Expected tissue localization: No
CD44 antibody	PMID30713110	Contact			CD44		OBI_0002115	1			Table S3 of defining manuscript		Abcam	ab157107				Primary	human	pancreatic ductal cell|leukocyte		Antibodies are all tested in FFPE section with antigen retrieval at 95C in 10mM Tris, 1mM EDTA (pH9.2). Expected tissue localization: No
Anti-Human CD45 (HI30)-Y89 antibody	PMID30713110	Contact	AB_2661851		CD45		OBI_0002115	1			Table S3 of defining manuscript		Fluidigm	3089003B				Primary	human			Antibodies are all tested in FFPE section with antigen retrieval at 95C in 10mM Tris, 1mM EDTA (pH9.2). Expected tissue localization: No
Anti-Human/Mouse CD49F (GoH3)-164Dy antibody	PMID30713110	Contact	AB_2756289		CD49F		OBI_0002115	1			Table S3 of defining manuscript		Fluidigm	3164006B				Primary	human			Antibodies are all tested in FFPE section with antigen retrieval at 95C in 10mM Tris, 1mM EDTA (pH9.2). Expected tissue localization: No
Integrin alpha6 (F-6) antibody	PMID30713110	Contact	AB_10917002		CD49F		OBI_0002115	1			Table S3 of defining manuscript		Santa Cruz	sc-374057				Primary	human			Antibodies are all tested in FFPE section with antigen retrieval at 95C in 10mM Tris, 1mM EDTA (pH9.2). Expected tissue localization: No
Integrin alpha 6 Antibody	PMID30713110	Contact			CD49F		OBI_0002115	1			Table S3 of defining manuscript		Novus Biologicals	NBP1-85747				Primary	human			Antibodies are all tested in FFPE section with antigen retrieval at 95C in 10mM Tris, 1mM EDTA (pH9.2). Expected tissue localization: No
CD56 antibody	PMID30713110	Contact			CD56		OBI_0002115	1			Table S3 of defining manuscript		Fluidigm	3149021B				Primary	human	CD56-positive, CD161-positive immature natural killer cell|mature NK T cell		Antibodies are all tested in FFPE section with antigen retrieval at 95C in 10mM Tris, 1mM EDTA (pH9.2). Expected tissue localization: No
Human NCAM-1/CD56 MAb (Clone 301021) antibody	PMID30713110	Contact	AB_2266962		CD56		OBI_0002115	1			Table S3 of defining manuscript		R&D	MAB24081				Primary	human			Antibodies are all tested in FFPE section with antigen retrieval at 95C in 10mM Tris, 1mM EDTA (pH9.2). Expected tissue localization: No
Anti-Human CD9 Purified 100 ug antibody	PMID30713110	Contact	AB_657777		CD9		OBI_0002115	1			Table S3 of defining manuscript		ThermoFisher Scientific	14-0098-82				Primary	human			Antibodies are all tested in FFPE section with antigen retrieval at 95C in 10mM Tris, 1mM EDTA (pH9.2). Expected tissue localization: No
Mouse Anti-Human CD9 (C-4) Monoclonal, Unconjugated, Clone C-4 antibody	PMID30713110	Contact	AB_627213		CD9		OBI_0002115	1			Table S3 of defining manuscript		Santa Cruz	sc-13118				Primary	human			Antibodies are all tested in FFPE section with antigen retrieval at 95C in 10mM Tris, 1mM EDTA (pH9.2). Expected tissue localization: Yes. Consistent staining pattern post metal conjugation: No.
CD9 antibody	PMID30713110	Contact			CD9		OBI_0002115	1			Table S3 of defining manuscript		Proteintech	13334				Primary	human			Antibodies are all tested in FFPE section with antigen retrieval at 95C in 10mM Tris, 1mM EDTA (pH9.2). Expected tissue localization: Yes. Consistent staining pattern post metal conjugation: No.
CTLA-4 antibody	PMID30713110	Contact			CTLA-4		OBI_0002115	1			Table S3 of defining manuscript		Fluidigm	3170005B				Primary	human			Antibodies are all tested in FFPE section with antigen retrieval at 95C in 10mM Tris, 1mM EDTA (pH9.2). Expected tissue localization: No
Anti-Human Foxp3 (PCH101) Antibody	PMID30713110	Contact	AB_2687650		FOXP3		OBI_0002115	1			Table S3 of defining manuscript		Fluidigm	3162011A				Primary	human			Antibodies are all tested in FFPE section with antigen retrieval at 95C in 10mM Tris, 1mM EDTA (pH9.2). Expected tissue localization: No
Mouse Anti-Human GCK (G-6) Monoclonal, Unconjugated, Clone G-6 antibody	PMID30713110	Contact	AB_627722		GCK		OBI_0002115	1			Table S3 of defining manuscript		Santa Cruz	sc-17819				Primary	human			Antibodies are all tested in FFPE section with antigen retrieval at 95C in 10mM Tris, 1mM EDTA (pH9.2). Expected tissue localization: No
GCK human, mouse	PMID30713110	Contact	AB_2232078		GCK		OBI_0002115	1			Table S3 of defining manuscript		Abcam	ab37796				Primary	human			Antibodies are all tested in FFPE section with antigen retrieval at 95C in 10mM Tris, 1mM EDTA (pH9.2). Expected tissue localization: No
Anti-GCK antibody produced in rabbit	PMID30713110	Contact	AB_1079050		GCK		OBI_0002115	1			Table S3 of defining manuscript		Sigma-Aldrich 	HPA007034				Primary	human			Antibodies are all tested in FFPE section with antigen retrieval at 95C in 10mM Tris, 1mM EDTA (pH9.2). Expected tissue localization: No
GFAP antibody	PMID30713110	Contact			GFAP		OBI_0002115	1			Table S3 of defining manuscript		Fluidigm	3143022B				Primary	human			Antibodies are all tested in FFPE section with antigen retrieval at 95C in 10mM Tris, 1mM EDTA (pH9.2). Expected tissue localization: No
CD357 Polyclonal Antibody	PMID30713110	Contact	AB_2576304		GITR		OBI_0002115	1			Table S3 of defining manuscript		ThermoFisher Scientific	PA5-46810				Primary	human			Antibodies are all tested in FFPE section with antigen retrieval at 95C in 10mM Tris, 1mM EDTA (pH9.2). Expected tissue localization: Yes. Consistent staining pattern post metal conjugation: No.
Rabbit Anti-GLUT2 Polyclonal Antibody, Unconjugated	PMID30713110	Contact	AB_2191286		GLUT2		OBI_0002115	1			Table S3 of defining manuscript		Abbiotec	250672				Primary	human			Antibodies are all tested in FFPE section with antigen retrieval at 95C in 10mM Tris, 1mM EDTA (pH9.2). Expected tissue localization: No
Anti-Glut2 (RABBIT) Antibody – 600-401-GN3S	PMID30713110	Contact	AB_2614271		GLUT2		OBI_0002115	1			Table S3 of defining manuscript		Rockland	600-401-GN3S				Primary	human			Antibodies are all tested in FFPE section with antigen retrieval at 95C in 10mM Tris, 1mM EDTA (pH9.2). Expected tissue localization: No
Mouse Anti-Glut3 Monoclonal Antibody, Unconjugated, Clone G-5	PMID30713110	Contact	AB_1124975		GLUT3		OBI_0002115	1			Table S3 of defining manuscript		Santa Cruz	sc-74399				Primary	human			Antibodies are all tested in FFPE section with antigen retrieval at 95C in 10mM Tris, 1mM EDTA (pH9.2). Expected tissue localization: No
Anti-Human HLA-ABC (W6-32)-141Pr Antibody	PMID30713110	Contact	AB_2687848		HLA-ABC		OBI_0002115	1			Table S3 of defining manuscript		Fluidigm	3141010B				Primary	human			Antibodies are all tested in FFPE section with antigen retrieval at 95C in 10mM Tris, 1mM EDTA (pH9.2). Expected tissue localization: No
Rat Anti-Human HLA ABC Monoclonal antibody, Unconjugated, Clone YTH862.2	PMID30713110	Contact	AB_567133		HLA-ABC		OBI_0002115	1			Table S3 of defining manuscript		Bio-Rad	MCA485G				Primary	human			Antibodies are all tested in FFPE section with antigen retrieval at 95C in 10mM Tris, 1mM EDTA (pH9.2). Expected tissue localization: No
HLA-ABC antibody	PMID30713110	Contact			HLA-ABC		OBI_0002115	1			Table S3 of defining manuscript		Proteintech	66013-1-1g				Primary	human			Antibodies are all tested in FFPE section with antigen retrieval at 95C in 10mM Tris, 1mM EDTA (pH9.2). Expected tissue localization: No
Anti-Human HLA-DR-143Nd antibody	PMID30713110	Contact	AB_2661810		HLA-DR		OBI_0002115	1			Table S3 of defining manuscript		Fluidigm	3143013B				Primary	human			Antibodies are all tested in FFPE section with antigen retrieval at 95C in 10mM Tris, 1mM EDTA (pH9.2). Expected tissue localization: No
Mouse Anti-P21 Monoclonal antibody, Unconjugated, Clone f-5	PMID30713110	Contact	AB_628073		p21		OBI_0002115	1			Table S3 of defining manuscript		Santa Cruz	sc-6246				Primary	human			Antibodies are all tested in FFPE section with antigen retrieval at 95C in 10mM Tris, 1mM EDTA (pH9.2). Expected tissue localization: Yes. Consistent staining pattern post metal conjugation: No.
PD1 antibody [NAT]	PMID30713110	Contact	AB_881954		PD-1		OBI_0002115	1			Table S3 of defining manuscript		Abcam	ab52587				Primary	human			Antibodies are all tested in FFPE section with antigen retrieval at 95C in 10mM Tris, 1mM EDTA (pH9.2). Expected tissue localization: No
PD-1 antibody	PMID30713110	Contact			PD-1		OBI_0002115	1			Table S3 of defining manuscript		Fluidigm	3174020B				Primary	human			Antibodies are all tested in FFPE section with antigen retrieval at 95C in 10mM Tris, 1mM EDTA (pH9.2). Expected tissue localization: No
PDGFRA antibody	PMID30713110	Contact			PDGFRA		OBI_0002115	1			Table S3 of defining manuscript		Fluidigm	3160007A				Primary	human			Antibodies are all tested in FFPE section with antigen retrieval at 95C in 10mM Tris, 1mM EDTA (pH9.2). Expected tissue localization: No
PDGFRA antibody	PMID30713110	Contact			PDGFRA		OBI_0002115	1			Table S3 of defining manuscript		Santa Cruz	sc-398206				Primary	human			Antibodies are all tested in FFPE section with antigen retrieval at 95C in 10mM Tris, 1mM EDTA (pH9.2). Expected tissue localization: No
Goat Anti-Human Pdgf r alpha Polyclonal antibody, Unconjugated	PMID30713110	Contact	AB_354459		PDGFRA		OBI_0002115	1			Table S3 of defining manuscript		Novus Biologicals	AF-307-NA				Primary	human			Antibodies are all tested in FFPE section with antigen retrieval at 95C in 10mM Tris, 1mM EDTA (pH9.2). Expected tissue localization: No
Perforin antibody	PMID30713110	Contact			Perforin		OBI_0002115	1			Table S3 of defining manuscript		Fluidigm	3175004B				Primary	human			Antibodies are all tested in FFPE section with antigen retrieval at 95C in 10mM Tris, 1mM EDTA (pH9.2). Expected tissue localization: No
Perforin 1 (E-5) antibody	PMID30713110	Contact	AB_10988266		Perforin		OBI_0002115	1			Table S3 of defining manuscript		Santa Cruz	sc-374346				Primary	human			Antibodies are all tested in FFPE section with antigen retrieval at 95C in 10mM Tris, 1mM EDTA (pH9.2). Expected tissue localization: Yes. Consistent staining pattern post metal conjugation: No.
PDX-1 (A-17) antibody	PMID30713110	Contact	AB_2162373		PDX-1		OBI_0002115	1			Table S3 of defining manuscript		Santa Cruz	sc-14664				Primary	human			Antibodies are all tested in FFPE section with antigen retrieval at 95C in 10mM Tris, 1mM EDTA (pH9.2). Expected tissue localization: No
ST8SIA1 antibody	PMID30713110	Contact			ST8SIA1		OBI_0002115	1			Table S3 of defining manuscript		R&D	AF6716				Primary	human			Antibodies are all tested in FFPE section with antigen retrieval at 95C in 10mM Tris, 1mM EDTA (pH9.2). Expected tissue localization: Yes. Consistent staining pattern post metal conjugation: No.
CD81-Yb173 antibody	PMID30760760	Producer			CD81	Yb173	OBI_0002115	5	0.12	ug/ml	Table 2 of defining manuscript							Primary	human			Metal-labeled antibody used in newly developed mass cytometry-based phagocytosis assay (#1 out of 36)
CD169-Er170 antibody	PMID30760760	Producer			CD169	Er170	OBI_0002115	5	0.25	ug/ml	Table 2 of defining manuscript							Primary	human			Metal-labeled antibody used in newly developed mass cytometry-based phagocytosis assay (#2 out of 36)
CD32-Er166 antibody	PMID30760760	Producer			CD32	Er166	OBI_0002115	5	0.25	ug/ml	Table 2 of defining manuscript							Primary	human			Metal-labeled antibody used in newly developed mass cytometry-based phagocytosis assay (#3 out of 36)
HLA-ABC-Yb172 antibody	PMID30760760	Producer			HLA-ABC	Yb172	OBI_0002115	5	0.25	ug/ml	Table 2 of defining manuscript							Primary	human			Metal-labeled antibody used in newly developed mass cytometry-based phagocytosis assay (#4 out of 36)
PD-L1-Gd160 antibody	PMID30760760	Producer			PD-L1	Gd160	OBI_0002115	5	0.25	ug/ml	Table 2 of defining manuscript							Primary	human			Metal-labeled antibody used in newly developed mass cytometry-based phagocytosis assay (#5 out of 36)
CD304-Gd156 antibody	PMID30760760	Producer			CD304	Gd156	OBI_0002115	5	0.5	ug/ml	Table 2 of defining manuscript							Primary	human			Metal-labeled antibody used in newly developed mass cytometry-based phagocytosis assay (#6 out of 36)
CD38-Nd142 antibody	PMID30760760	Producer			CD38	Nd142	OBI_0002115	5	0.5	ug/ml	Table 2 of defining manuscript							Primary	human			Metal-labeled antibody used in newly developed mass cytometry-based phagocytosis assay (#7 out of 36)
CD54-Yb176 antibody	PMID30760760	Producer			CD54	Yb176	OBI_0002115	5	0.5	ug/ml	Table 2 of defining manuscript							Primary	human			Metal-labeled antibody used in newly developed mass cytometry-based phagocytosis assay (#8 out of 36)
CD82-Tb159 antibody	PMID30760760	Producer			CD82	Tb159	OBI_0002115	5	0.5	ug/ml	Table 2 of defining manuscript							Primary	human			Metal-labeled antibody used in newly developed mass cytometry-based phagocytosis assay (#9 out of 36)
CD86-Yb171 antibody	PMID30760760	Producer			CD86	Yb171	OBI_0002115	5	0.5	ug/ml	Table 2 of defining manuscript							Primary	human			Metal-labeled antibody used in newly developed mass cytometry-based phagocytosis assay (#10 out of 36)
CD88-Yb174 antibody	PMID30760760	Producer			CD88	Yb174	OBI_0002115	5	0.5	ug/ml	Table 2 of defining manuscript							Primary	human			Metal-labeled antibody used in newly developed mass cytometry-based phagocytosis assay (#11 out of 36)
CD14-Er168 antibody	PMID30760760	Producer			CD14	Er168	OBI_0002115	5	1	ug/ml	Table 2 of defining manuscript							Primary	human			Metal-labeled antibody used in newly developed mass cytometry-based phagocytosis assay (#12 out of 36)
CD163-Tm169 antibody	PMID30760760	Producer			CD163	Tm169	OBI_0002115	5	1	ug/ml	Table 2 of defining manuscript							Primary	human			Metal-labeled antibody used in newly developed mass cytometry-based phagocytosis assay (#13 out of 36)
CD204-Sm149 antibody	PMID30760760	Producer			CD204	Sm149	OBI_0002115	5	1	ug/ml	Table 2 of defining manuscript							Primary	human			Metal-labeled antibody used in newly developed mass cytometry-based phagocytosis assay (#14 out of 36)
CD206-Sm147 antibody	PMID30760760	Producer			CD206	Sm147	OBI_0002115	5	1	ug/ml	Table 2 of defining manuscript							Primary	human			Metal-labeled antibody used in newly developed mass cytometry-based phagocytosis assay (#15 out of 36)
CD64-Pr141 antibody	PMID30760760	Producer			CD64	Pr141	OBI_0002115	5	1	ug/ml	Table 2 of defining manuscript							Primary	human			Metal-labeled antibody used in newly developed mass cytometry-based phagocytosis assay (#16 out of 36)
CD68-Nd143 antibody	PMID30760760	Producer			CD68	Nd143	OBI_0002115	5	1	ug/ml	Table 2 of defining manuscript							Primary	human			Metal-labeled antibody used in newly developed mass cytometry-based phagocytosis assay (#17 out of 36)
CD71-Nd145 antibody	PMID30760760	Producer			CD71	Nd145	OBI_0002115	5	1	ug/ml	Table 2 of defining manuscript							Primary	human			Metal-labeled antibody used in newly developed mass cytometry-based phagocytosis assay (#18 out of 36)
CD87-Dy163 antibody	PMID30760760	Producer			CD87	Dy163	OBI_0002115	5	1	ug/ml	Table 2 of defining manuscript							Primary	human			Metal-labeled antibody used in newly developed mass cytometry-based phagocytosis assay (#19 out of 36)
HLA-DR-Lu175 antibody	PMID30760760	Producer			HLA-DR	Lu175	OBI_0002115	5	1	ug/ml	Table 2 of defining manuscript							Primary	human			Metal-labeled antibody used in newly developed mass cytometry-based phagocytosis assay (#20 out of 36)
CD119-Dy161 antibody	PMID30760760	Producer			CD119	Dy161	OBI_0002115	5	2	ug/ml	Table 2 of defining manuscript							Primary	human			Metal-labeled antibody used in newly developed mass cytometry-based phagocytosis assay (#21 out of 36)
CD11b-Eu151 antibody	PMID30760760	Producer			CD11b	Eu151	OBI_0002115	5	2	ug/ml	Table 2 of defining manuscript							Primary	human			Metal-labeled antibody used in newly developed mass cytometry-based phagocytosis assay (#22 out of 36)
CD120b-Dy164 antibody	PMID30760760	Producer			CD120b	Dy164	OBI_0002115	5	2	ug/ml	Table 2 of defining manuscript							Primary	human			Metal-labeled antibody used in newly developed mass cytometry-based phagocytosis assay (#23 out of 36)
CD123-Nd150 antibody	PMID30760760	Producer			CD123	Nd150	OBI_0002115	5	2	ug/ml	Table 2 of defining manuscript							Primary	human			Metal-labeled antibody used in newly developed mass cytometry-based phagocytosis assay (#24 out of 36)
CD13-Nd148 antibody	PMID30760760	Producer			CD13	Nd148	OBI_0002115	5	2	ug/ml	Table 2 of defining manuscript							Primary	human			Metal-labeled antibody used in newly developed mass cytometry-based phagocytosis assay (#25 out of 36)
CD155-Nd146 antibody	PMID30760760	Producer			CD155	Nd146	OBI_0002115	5	2	ug/ml	Table 2 of defining manuscript							Primary	human			Metal-labeled antibody used in newly developed mass cytometry-based phagocytosis assay (#26 out of 36)
CD16-Er167 antibody	PMID30760760	Producer			CD16	Er167	OBI_0002115	5	2	ug/ml	Table 2 of defining manuscript							Primary	human			Metal-labeled antibody used in newly developed mass cytometry-based phagocytosis assay (#27 out of 36)
CD166-Gd158 antibody	PMID30760760	Producer			CD166	Gd158	OBI_0002115	5	2	ug/ml	Table 2 of defining manuscript							Primary	human			Metal-labeled antibody used in newly developed mass cytometry-based phagocytosis assay (#28 out of 36)
CD197-Sm154 antibody	PMID30760760	Producer			CD197	Sm154	OBI_0002115	5	2	ug/ml	Table 2 of defining manuscript							Primary	human			Metal-labeled antibody used in newly developed mass cytometry-based phagocytosis assay (#29 out of 36)
CD209-La139 antibody	PMID30760760	Producer			CD209	La139	OBI_0002115	5	2	ug/ml	Table 2 of defining manuscript							Primary	human			Metal-labeled antibody used in newly developed mass cytometry-based phagocytosis assay (#30 out of 36)
CD282-Ho165 antibody	PMID30760760	Producer			CD282	Ho165	OBI_0002115	5	2	ug/ml	Table 2 of defining manuscript							Primary	human			Metal-labeled antibody used in newly developed mass cytometry-based phagocytosis assay (#31 out of 36)
CD36-Nd144 antibody	PMID30760760	Producer			CD36	Nd144	OBI_0002115	5	2	ug/ml	Table 2 of defining manuscript							Primary	human			Metal-labeled antibody used in newly developed mass cytometry-based phagocytosis assay (#32 out of 36)
CD40-Sm152 antibody	PMID30760760	Producer			CD40	Sm152	OBI_0002115	5	2	ug/ml	Table 2 of defining manuscript							Primary	human			Metal-labeled antibody used in newly developed mass cytometry-based phagocytosis assay (#33 out of 36)
CXCR4-Dy162 antibody	PMID30760760	Producer			CXCR4	Dy162	OBI_0002115	5	2	ug/ml	Table 2 of defining manuscript							Primary	human			Metal-labeled antibody used in newly developed mass cytometry-based phagocytosis assay (#34 out of 36)
PD-L2-Gd155 antibody	PMID30760760	Producer			PD-L2	Gd155	OBI_0002115	5	2	ug/ml	Table 2 of defining manuscript							Primary	human			Metal-labeled antibody used in newly developed mass cytometry-based phagocytosis assay (#35 out of 36)
SLAMF7-Eu153 antibody	PMID30760760	Producer			SLAMF7	Eu153	OBI_0002115	5	2	ug/ml	Table 2 of defining manuscript							Primary	human			Metal-labeled antibody used in newly developed mass cytometry-based phagocytosis assay (#36 out of 36)
CD8a (RPA-T8) purified antibody	PMID 29605184	Contact	AB_314120		CD8a		OBI_0002115	5			Key Resources Table		Biolegend	301002	RPA-T8			Primary	human			
CD64 (10.1) purified antibody	PMID 29605184	Contact	AB_314486		CD64		OBI_0002115	5			Key Resources Table		Biolegend	305002	10.1			Primary	human			
CD23 (EBVCS-5) purified antibody	PMID 29605184	Contact	AB_1279181		CD23		OBI_0002115	5			Key Resources Table		Biolegend	338502	EBVCS-5			Primary	human			
CD68 (Y1/82A) purified antibody	PMID 29605184	Contact	AB_1089058		CD68		OBI_0002115	5			Key Resources Table		Biolegend	333802	Y1/82A			Primary	human			
CD36 (5-271) purified antibody	PMID 29605184	Contact	AB_2563745		CD36		OBI_0002115	5			Key Resources Table		Biolegend	336215	5-271			Primary	human			
CD4 (RPA-T4) purified antibody	PMID 29605184	Contact	AB_314070		CD4		OBI_0002115	5			Key Resources Table		Biolegend	300502	RPA-T4			Primary	human			
CD20 (H1(FB1)) purified antibody	PMID 29605184	Contact	AB_396030		CD20		OBI_0002115	5			Key Resources Table		Becton Dickinson	555677	H1FB1			Primary	human			
CD68 (KP1) purified antibody	PMID 29605184	Contact	AB_2616797		CD68		OBI_0002115	5			Key Resources Table		Biolegend	916104	KP1			Primary	human			
CD20 (L26) purified antibody	PMID 29605184	Contact	AB_10734340		CD20		OBI_0002115	5			Key Resources Table		eBioscience	14-0202-82	L26			Primary	human			
CD123 (6H6) purified antibody	PMID 29605184	Contact	AB_314576		CD123		OBI_0002115	5			Key Resources Table		Biolegend	306002	6H6			Primary	human			
CD11b (M1/70) purified antibody	PMID 29605184	Contact	AB_312785		CD11b		OBI_0002115	5			Key Resources Table		Biolegend	101202	M1/70			Primary	human			
CD99 (HCD99) purified antibody	PMID 29605184	Contact	AB_604112		CD99		OBI_0002115	5			Key Resources Table		Biolegend	318002	HCD99			Primary	human			
CD273/PD-L2 (MIH18) purified antibody	PMID 29605184	Contact	AB_1953319		CD273/PD-L2		OBI_0002115	5			Key Resources Table		Biolegend	345502	MIH18			Primary	human			
CXCR4 (12G5) purified antibody	PMID 29605184	Contact	AB_314608		CXCR4		OBI_0002115	5			Key Resources Table		Biolegend	306502	12G5			Primary	human			
CD7 (M-T701) purified antibody	PMID 29605184	Contact	AB_395762		CD7		OBI_0002115	5			Key Resources Table		Becton Dickinson	555359	M-T701			Primary	human			
CD32 (FUN-2) purified antibody	PMID 29605184	Contact	AB_314334		CD32		OBI_0002115	5			Key Resources Table		Biolegend	303202	FUN-2			Primary	human			
CD16 (3G8) purified antibody	PMID 29605184	Contact	AB_314202		CD16		OBI_0002115	5			Key Resources Table		Biolegend	302002	3G8			Primary	human			
CD14 (RMO52) purified antibody	PMID 29605184	Contact	AB_10639528		CD14		OBI_0002115	5			Key Resources Table		Beckman Coulter	A22331	RMO52			Primary	human			
HLA-ABC (W6/32) purified antibody	PMID 29605184	Contact	AB_314871		HLA-ABC		OBI_0002115	5			Key Resources Table		Biolegend	311402	W6/32			Primary	human			
HLA-DR (L243) purified antibody	PMID 29605184	Contact	AB_314680		HLA-DR		OBI_0002115	5			Key Resources Table		Biolegend	307602	L243			Primary	human			
CD15 (HI98) purified antibody	PMID 29605184	Contact	AB_314194		CD15		OBI_0002115	5			Key Resources Table		Biolegend	301902	HI98			Primary	human			
CD3 (UCHT1) purified antibody	PMID 29605184	Contact	AB_314056		CD3		OBI_0002115	5			Key Resources Table		Biolegend	300402	UCHT1			Primary	human			
CD45 (HI30) purified antibody	PMID 29605184	Contact	AB_314390		CD45		OBI_0002115	5			Key Resources Table		Biolegend	304002	HI30			Primary	human			
CD8b (SIDI8BEE) purified antibody	PMID 29605184	Contact	AB_11043400		CD8b		OBI_0002115	5			Key Resources Table		eBioscience	14-5273	SIDI8BEE			Primary	human			
CD22 (HIB22) purified antibody	PMID 29605184	Contact	AB_314264		CD22		OBI_0002115	5			Key Resources Table		Biolegend	302502	HIB22			Primary	human			
CD66a/c/e (ASL-32)	PMID 29605184	Contact	AB_1626265		CD66a/c/e		OBI_0002115	5			Key Resources Table		Biolegend	342302	ASL-32			Primary	human			
CD192 (K036C2)	PMID 29605184	Contact	AB_2561851		CD192		OBI_0002115	5			Key Resources Table		Biolegend	357202	K036C2			Primary	human			
CD93 (R139)	PMID 29605184	Contact	AB_891508		CD93		OBI_0002115	5			Key Resources Table		eBioscience	14-0939-82	R139			Primary	human			
carbonic anhydrase IX (polyclonal)	PMID 29605184	Contact	AB_416562		carbonic anhydrase IX		OBI_0002115	5			Key Resources Table		R&D Systems	AF2188	polyclonal			Primary	human			
KI67 (8D5)	PMID 29605184	Contact	AB_2715512		KI67		OBI_0002115	5			Key Resources Table		CST	9449BF	8D5			Primary	human			
	PMID27732837	Contact	AB_10615626		C-PEPTIDE	Nd144	OBI_0002115	5	0.195	ug/ml	Table S1		Millipore	05-1109				Primary	human	type B pancreatic cell		
	PMID27732837	Contact	AB_641026		GLUCAGON	Sm147	OBI_0002115	5	0.5	ug/ml	Table S1		Santa Cruz Biotechonlogy	sc-13091				Primary	human	pancreatic A cell		
	PMID27732837	Contact	AB_2195930		SOMATOSTATIN	Eu151	OBI_0002115	5	0.16	ug/ml	Table S1		Santa Cruz Biotechonlogy	sc-13099				Primary	human	pancreatic D cell		
	PMID27732837	Contact	AB_1524152		POLYPEPTIDE	Sm152	OBI_0002115	5	0.2	ug/ml	Table S1		Abcam	ab77192				Primary	human	pancreatic PP cell		
	PMID27732837	Contact	AB_2108261		GASTRIN	Lu175	OBI_0002115	5	0.32	ug/ml	Table S1		Santa Cruz Biotechonlogy	sc-7783				Primary	human			
	PMID27732837	Contact	AB_2232479		GHRELIN	Yb176	OBI_0002115	5	0.198	ug/ml	Table S1		Santa Cruz Biotechonlogy	sc-10368				Primary	human	pancreatic epsilon cell		
	PMID27732837	Contact	AB_2687653		EpCAM	Pr141	OBI_0002115	5	3.3	ul/ml	Table S1		Fluidigm	3141006B				Primary	human	epithelial cell		
	PMID27732837	Contact			CASPASE3 (Cleaved)	Nd142	OBI_0002115	5	0.25	ul/ml	Table S1		Fluidigm	3142004A				Primary	human			
	PMID27732837	Contact	AB_489737		GATA2	Nd145	OBI_0002115	5	0.0875	ug/ml	Table S1		Abnova	H00002624-M01				Primary	human			
	PMID27732837	Contact	AB_2744690		pSTAT5	Nd150	OBI_0002115	5	0.5	ul/ml	Table S1		Fluidigm	3150005A				Primary	human			
	PMID27732837	Contact	AB_2290204		AXIN2	Gd156	OBI_0002115	5	0.15	ug/ml	Table S1		Abcam	ab32197				Primary	human			
	PMID27732837	Contact	AB_2661827		pSTAT3	Gd158	OBI_0002115	5	0.5	ul/ml	Table S1		Fluidigm	3158005A				Primary	human			
	PMID27732837	Contact	AB_2089263		CYP26A1	Tb159	OBI_0002115	5	0.085	ug/ml	Table S1		Santa Cruz Biotechonlogy	sc-53618				Primary	human			
	PMID27732837	Contact			PDGFRA	Gd160	OBI_0002115	5	0.5	ul/ml	Table S1		Fluidigm	3160007A				Primary	human			
	PMID27732837	Contact	AB_657777		CD9	Dy163	OBI_0002115	5	0.19	ug/ml	Table S1		Thermo Fisher Scientific	14-0098				Primary	human			
	PMID27732837	Contact	AB_2756289		CD49F	Dy164	OBI_0002115	5	1	ul/ml	Table S1		Fluidigm	3164006B				Primary	human			
	PMID27732837	Contact	AB_2661832		pCREB	Ho165	OBI_0002115	5	0.1	ul/ml	Table S1		Fluidigm	3165009A				Primary	human			
	PMID27732837	Contact	AB_2744692		CD44	Er166	OBI_0002115	5	1	ul/ml	Table S1		Fluidigm	3166001B				Primary	human			
	PMID27732837	Contact	AB_2661834		pERK	Er167	OBI_0002115	5	3.3	ul/ml	Table S1		Fluidigm	3167005A				Primary	human			
	PMID27732837	Contact	AB_2800467		Ki67	Er168	OBI_0002115	5	5	ul/ml	Table S1		Fluidigm	3168007B				Primary	human			
	PMID27732837	Contact			HNF1B	Er170	OBI_0002115	5	2	ug/ml	Table S1		Santa Cruz Biotechonlogy	sc- 22840x				Primary	human			
	PMID27732837	Contact	AB_2162373 		PDX1	Yb171	OBI_0002115	5	0.62	ug/ml	Table S1		Santa Cruz Biotechonlogy	sc-14664				Primary	human			
	PMID27732837	Contact			pS6	Yb172	OBI_0002115	5	1	ul/ml	Table S1		Fluidigm	3172008A				Primary	human			
	PMID27732837	Contact			ST8SIA1	Yb174	OBI_0002115	5	0.19	ug/ml	Table S1							Primary	human			
	PMID27732837	Contact			IdU	IdU127	OBI_0002115	5	1:1000	culture medium	Table S1		Fluidigm	201127				Primary	human			
	PMID27732837	Contact				Ir191	OBI_0002115	5	1:4000	culture medium	Table S1		Fluidigm	201192B				Primary	human			
	PMID27732837	Contact				Ir193	OBI_0002115	5		culture medium	Table S1							Primary	human			
	PMID27732837	Contact			Cisplatin	Pt195	OBI_0002115	5	1:4000	culture medium	Table S1		Fluidigm	201064				Primary	human			
	PMID27732837	Contact	AB_2224312		ALDH		OBI_0002115	1			Table S2							Primary	human			Failed quality control
	PMID27732837	Contact	AB_258380		AMY1		OBI_0002115	1			Table S2							Primary	human			Failed quality control
	PMID27732837	Contact	AB_2688021		CD24		OBI_0002115	1			Table S2							Primary	human			Failed quality control
	PMID27732837	Contact	AB_2734290		CD49f-APC		OBI_0002115	1			Table S2							Primary	human			Failed quality control
	PMID27732837	Contact	AB_2572896		CHGA		OBI_0002115	1			Table S2							Primary	human			Failed quality control
	PMID27732837	Contact	AB_2738844		CHGA		OBI_0002115	1			Table S2							Primary	human			Failed quality control
	PMID27732837	Contact	AB_640607		FKHR (FOXO1)		OBI_0002115	1			Table S2							Primary	human			Failed quality control
	PMID27732837	Contact	AB_1079051		GCK		OBI_0002115	1			Table S2							Primary	human			Failed quality control
	PMID27732837	Contact	AB_1587076		GLUT2		OBI_0002115	1			Table S2							Primary	human			Failed quality control
	PMID27732837	Contact	AB_590682		HES1		OBI_0002115	1			Table S2							Primary	human			Failed quality control
	PMID27732837	Contact	AB_648295		HNF1α		OBI_0002115	1			Table S2							Primary	human			Failed quality control
	PMID27732837	Contact	AB_2116743		HNF1α		OBI_0002115	1			Table S2							Primary	human			Failed quality control
	PMID27732837	Contact	AB_2262810		HNF-3β		OBI_0002115	1			Table S2							Primary	human			Failed quality control
	PMID27732837	Contact	AB_2116913		HNF4α		OBI_0002115	1			Table S2							Primary	human			Failed quality control
	PMID27732837	Contact	AB_2117025		HNF4α		OBI_0002115	1			Table S2							Primary	human			Failed quality control
	PMID27732837	Contact	AB_2263954		HNF4α		OBI_0002115	1			Table S2							Primary	human			Failed quality control
	PMID27732837	Contact	AB_86637		INS		OBI_0002115	1			Table S2							Primary	human			Failed quality control
	PMID27732837	Contact	AB_10013624		INS		OBI_0002115	1			Table S2							Primary	human			Failed quality control
	PMID27732837	Contact	AB_2314683		Islet-1 & 2 homeobox		OBI_0002115	1			Table S2							Primary	human			Failed quality control
	PMID27732837	Contact	AB_630922		NEUROD		OBI_0002115	1			Table S2							Primary	human			Failed quality control
	PMID27732837	Contact	AB_2738924		NKX2.2		OBI_0002115	1			Table S2							Primary	human			Failed quality control
	PMID27732837	Contact			NKX2.2		OBI_0002115	1			Table S2							Primary	human			Failed quality control
	PMID27732837	Contact	AB_1079490		NKX2.2		OBI_0002115	1			Table S2							Primary	human			Failed quality control
	PMID27732837	Contact			NKX6.1		OBI_0002115	1			Table S2							Primary	human			Failed quality control
	PMID27732837	Contact	AB_650287		NKX6.1		OBI_0002115	1			Table S2							Primary	human			Failed quality control
	PMID27732837	Contact	AB_10673664		NKX6.1		OBI_0002115	1			Table S2							Primary	human			Failed quality control
	PMID27732837	Contact	AB_329825		p-AKT (S473)		OBI_0002115	1			Table S2							Primary	human			Failed quality control
	PMID27732837	Contact			p-AKT (T308)		OBI_0002115	1			Table S2							Primary	human			Failed quality control
	PMID27732837	Contact			PAX4		OBI_0002115	1			Table S2							Primary	human			Failed quality control
	PMID27732837	Contact	AB_2159706		PAX6		OBI_0002115	1			Table S2							Primary	human			Failed quality control
	PMID27732837	Contact	AB_291612		PAX6		OBI_0002115	1			Table S2							Primary	human			Failed quality control
	PMID27732837	Contact	AB_2561044		P-CREB (S133)		OBI_0002115	1			Table S2							Primary	human			Failed quality control
	PMID27732837	Contact	AB_1977441		PC1/PC3		OBI_0002115	1			Table S2							Primary	human			Failed quality control
	PMID27732837	Contact	AB_916353		PC2		OBI_0002115	1			Table S2							Primary	human			Failed quality control
	PMID27732837	Contact	AB_2162359		PDX1		OBI_0002115	1			Table S2							Primary	human			Failed quality control
	PMID27732837	Contact	AB_2572931		PSA-NCAM		OBI_0002115	1			Table S2							Primary	human			Failed quality control
	PMID27732837	Contact	AB_10671224		RFX3		OBI_0002115	1			Table S2							Primary	human			Failed quality control
	PMID27732837	Contact	AB_2675616		RFX6		OBI_0002115	1			Table S2							Primary	human			Failed quality control
	PMID27732837	Contact	AB_2239761		SOX-9		OBI_0002115	1			Table S2							Primary	human			Failed quality control
	PMID27732837	Contact	AB_661280		SOX-9		OBI_0002115	1			Table S2							Primary	human			Failed quality control
	PMID27732837	Contact	AB_11182682		STAT3 (Y705)		OBI_0002115	1			Table S2							Primary	human			Failed quality control
	PMID30713109																					
